{"cameraMode":{"drawMode":0,"name":"Shaded","section":"Shading Mode"},"sceneLighting":true,"audioPlay":false,"sceneViewState":{"m_AlwaysRefresh":false,"showFog":true,"showSkybox":true,"showFlares":true,"showImageEffects":true,"showParticleSystems":true,"showVisualEffectGraphs":true,"m_FxEnabled":true},"in2DMode":false,"pivot":{"x":7.58897590637207,"y":0.8068088889122009,"z":8.432246208190918},"rotation":{"x":-0.046478938311338428,"y":0.013485081493854523,"z":0.0006272606551647186,"w":0.998831570148468},"size":6.3556809425354,"orthographic":false}