{"cameraMode":{"drawMode":0,"name":"Shaded","section":"Shading Mode"},"sceneLighting":true,"audioPlay":false,"sceneViewState":{"m_AlwaysRefresh":false,"showFog":true,"showSkybox":true,"showFlares":true,"showImageEffects":true,"showParticleSystems":true,"showVisualEffectGraphs":true,"m_FxEnabled":true},"in2DMode":false,"pivot":{"x":7.446364402770996,"y":-0.5064620971679688,"z":-1.5619659423828126},"rotation":{"x":0.5541315674781799,"y":-0.07962679862976074,"z":0.05336112529039383,"w":0.8268985748291016},"size":17.584531784057618,"orthographic":false}