{"cameraMode":{"drawMode":0,"name":"Shaded","section":"Shading Mode"},"sceneLighting":true,"audioPlay":false,"sceneViewState":{"m_AlwaysRefresh":false,"showFog":true,"showSkybox":true,"showFlares":true,"showImageEffects":true,"showParticleSystems":true,"showVisualEffectGraphs":true,"m_FxEnabled":true},"in2DMode":false,"pivot":{"x":355.2554016113281,"y":18.067441940307618,"z":-89.55537414550781},"rotation":{"x":0.08240533620119095,"y":0.00657829362899065,"z":-0.000562972214538604,"w":0.9965940713882446},"size":3.1905503273010256,"orthographic":false}